{
  "calibration_version": "1.0",
  "levels": [
    "low",
    "medium",
    "high",
    "critical"
  ],
  "level_midpoints": [
    10,
    32,
    57,
    85
  ],
  "scaler_mean": [
    30.045454545454547,
    27.545454545454547,
    42.27272727272727
  ],
  "scaler_scale": [
    20.94034225805055,
    28.82190971012925,
    26.273356393851685
  ],
  "coef": [
    [
      -1.2689252758992855,
      -0.7071453042554955,
      -0.93289319168223
    ],
    [
      0.45046286893959875,
      -0.8405896023976198,
      -0.3917328879072415
    ],
    [
      0.8191075228560585,
      0.30352753492930423,
      0.0847396439950469
    ],
    [
      -0.0006451158963713295,
      1.244207371723811,
      1.2398864355944248
    ]
  ],
  "intercept": [
    -0.7528944910732603,
    0.18150002865578654,
    0.7601913024517386,
    -0.18879684003426433
  ]
}